{
  "intent_accuracy": 100.0,
  "retrieval_hit_rate": 0.0,
  "avg_response_time": 1.8392705917358398,
  "action_accuracy": 100.0,
  "normalization_accuracy": 100.0,
  "timestamp": "2026-01-17T09:32:28.683656"
}